"","hrp2.Deletion.Allele.Frequency","Prevalence","Years"
"1",0.0800425561374722,"10",0.0833333333333333
"2",0.079053190813993,"10",0.166666666666667
"3",0.0796117339735555,"10",0.25
"4",0.0789039731476196,"10",0.333333333333333
"5",0.078777780846993,"10",0.416666666666667
"6",0.0776909544996589,"10",0.5
"7",0.077889033736626,"10",0.583333333333333
"8",0.0786522932366115,"10",0.666666666666667
"9",0.0789097061559129,"10",0.75
"10",0.0785321074103097,"10",0.833333333333333
"11",0.078205031417149,"10",0.916666666666667
"12",0.0784845037801767,"10",1
"13",0.0789013000375017,"10",1.08333333333333
"14",0.0795778111345491,"10",1.16666666666667
"15",0.0801188922350995,"10",1.25
"16",0.0799672227630087,"10",1.33333333333333
"17",0.0814513125984502,"10",1.41666666666667
"18",0.0814635189728035,"10",1.5
"19",0.0811077003613219,"10",1.58333333333333
"20",0.08063686129731,"10",1.66666666666667
"21",0.0808453389650001,"10",1.75
"22",0.0815534073307303,"10",1.83333333333333
"23",0.0814264641164429,"10",1.91666666666667
"24",0.0822890205766306,"10",2
"25",0.0823443289312649,"10",2.08333333333333
"26",0.0802857457084871,"10",2.16666666666667
"27",0.0809758278780787,"10",2.25
"28",0.0804955285998697,"10",2.33333333333333
"29",0.0797174053762305,"10",2.41666666666667
"30",0.0798216580139035,"10",2.5
"31",0.0799435265748048,"10",2.58333333333333
"32",0.080080708521243,"10",2.66666666666667
"33",0.0804543280039501,"10",2.75
"34",0.0802534120916979,"10",2.83333333333333
"35",0.0807128854862824,"10",2.91666666666667
"36",0.0804669662558971,"10",3
"37",0.0812504439156159,"10",3.08333333333333
"38",0.0811708240993991,"10",3.16666666666667
"39",0.0806820158204684,"10",3.25
"40",0.0808327961014541,"10",3.33333333333333
"41",0.0801254023033629,"10",3.41666666666667
"42",0.0791927172071602,"10",3.5
"43",0.07942362560293,"10",3.58333333333333
"44",0.079311479955971,"10",3.66666666666667
"45",0.0786615841465163,"10",3.75
"46",0.0786072885824422,"10",3.83333333333333
"47",0.0784124196771689,"10",3.91666666666667
"48",0.0778223490115094,"10",4
"49",0.0784978753531794,"10",4.08333333333333
"50",0.0777701516319737,"10",4.16666666666667
"51",0.0780836869288509,"10",4.25
"52",0.0774089040088702,"10",4.33333333333333
"53",0.077428607107899,"10",4.41666666666667
"54",0.077846642456478,"10",4.5
"55",0.07745135711168,"10",4.58333333333333
"56",0.0782371507890345,"10",4.66666666666667
"57",0.0786882128930512,"10",4.75
"58",0.0809230380240489,"10",4.83333333333333
"59",0.0821391620932085,"10",4.91666666666667
"60",0.0827116640081275,"10",5
"61",0.0842079136209066,"10",5.08333333333333
"62",0.0845075377328069,"10",5.16666666666667
"63",0.0848070870775723,"10",5.25
"64",0.0855129924305396,"10",5.33333333333333
"65",0.0864107073718033,"10",5.41666666666667
"66",0.0863504135117066,"10",5.5
"67",0.0868443353746207,"10",5.58333333333333
"68",0.0876750989094678,"10",5.66666666666667
"69",0.0881363062489654,"10",5.75
"70",0.0888259061309667,"10",5.83333333333333
"71",0.0889414868789946,"10",5.91666666666667
"72",0.0878793986624,"10",6
"73",0.0888613977931663,"10",6.08333333333333
"74",0.0890832167038631,"10",6.16666666666667
"75",0.0901409989842882,"10",6.25
"76",0.0905828180499699,"10",6.33333333333333
"77",0.0906856323290279,"10",6.41666666666667
"78",0.0913795728538982,"10",6.5
"79",0.0908843441947622,"10",6.58333333333333
"80",0.0909404256259653,"10",6.66666666666667
"81",0.0905035597937521,"10",6.75
"82",0.0900235544640954,"10",6.83333333333333
"83",0.0894164551148638,"10",6.91666666666667
"84",0.0894313842461798,"10",7
"85",0.0895629760788785,"10",7.08333333333333
"86",0.0888717399154735,"10",7.16666666666667
"87",0.0888300395431673,"10",7.25
"88",0.0881668462426317,"10",7.33333333333333
"89",0.0879921939989436,"10",7.41666666666667
"90",0.0882775344843729,"10",7.5
"91",0.0880809836703975,"10",7.58333333333333
"92",0.0870721695584786,"10",7.66666666666667
"93",0.0864961749366824,"10",7.75
"94",0.0863909217797058,"10",7.83333333333333
"95",0.0844865441929879,"10",7.91666666666667
"96",0.0847136516064517,"10",8
"97",0.0840487155740388,"10",8.08333333333333
"98",0.0840481563797119,"10",8.16666666666667
"99",0.0831475434813952,"10",8.25
"100",0.0825372182160905,"10",8.33333333333333
"101",0.0826845607632661,"10",8.41666666666667
"102",0.0829011467098761,"10",8.5
"103",0.0830385058734645,"10",8.58333333333333
"104",0.0814711265860777,"10",8.66666666666667
"105",0.0806961932433574,"10",8.75
"106",0.0810049293469315,"10",8.83333333333333
"107",0.0802952985064183,"10",8.91666666666667
"108",0.0797982549971625,"10",9
"109",0.0793218643771366,"10",9.08333333333333
"110",0.0786002737904393,"10",9.16666666666667
"111",0.0794737400585813,"10",9.25
"112",0.0785311330108279,"10",9.33333333333333
"113",0.0793949259508975,"10",9.41666666666667
"114",0.0789829061061292,"10",9.5
"115",0.0782214641329284,"10",9.58333333333333
"116",0.0779267685319361,"10",9.66666666666667
"117",0.0778928894324794,"10",9.75
"118",0.0788824379485089,"10",9.83333333333333
"119",0.0788306016012827,"10",9.91666666666667
"120",0.0787577908006128,"10",10
"121",0.0809536992117991,"10",10.0833333333333
"122",0.084464788923967,"10",10.1666666666667
"123",0.0873635010076592,"10",10.25
"124",0.0919447542144594,"10",10.3333333333333
"125",0.095797904258941,"10",10.4166666666667
"126",0.0992968002089276,"10",10.5
"127",0.104453644589558,"10",10.5833333333333
"128",0.109881503996974,"10",10.6666666666667
"129",0.114543886782675,"10",10.75
"130",0.119094104675996,"10",10.8333333333333
"131",0.123960632999505,"10",10.9166666666667
"132",0.130567878050954,"10",11
"133",0.1350483893104,"10",11.0833333333333
"134",0.140767920565327,"10",11.1666666666667
"135",0.145802142957221,"10",11.25
"136",0.150121596806458,"10",11.3333333333333
"137",0.155813360156396,"10",11.4166666666667
"138",0.162428408188281,"10",11.5
"139",0.170187364068701,"10",11.5833333333333
"140",0.178952263271151,"10",11.6666666666667
"141",0.186636446814971,"10",11.75
"142",0.196731170093699,"10",11.8333333333333
"143",0.203820182103886,"10",11.9166666666667
"144",0.212260314663704,"10",12
"145",0.223251389238424,"10",12.0833333333333
"146",0.232561120296055,"10",12.1666666666667
"147",0.240991583750841,"10",12.25
"148",0.248795389953292,"10",12.3333333333333
"149",0.259624676707591,"10",12.4166666666667
"150",0.269079139380538,"10",12.5
"151",0.277401183121829,"10",12.5833333333333
"152",0.288532558326891,"10",12.6666666666667
"153",0.297360672082684,"10",12.75
"154",0.307959236103891,"10",12.8333333333333
"155",0.317658395135704,"10",12.9166666666667
"156",0.327013146818694,"10",13
"157",0.337706122457463,"10",13.0833333333333
"158",0.349887138784468,"10",13.1666666666667
"159",0.361355570472196,"10",13.25
"160",0.3728313899919,"10",13.3333333333333
"161",0.38430993100888,"10",13.4166666666667
"162",0.397366376919233,"10",13.5
"163",0.409690014000794,"10",13.5833333333333
"164",0.420841769380043,"10",13.6666666666667
"165",0.432677529856311,"10",13.75
"166",0.442709624056967,"10",13.8333333333333
"167",0.454268002204586,"10",13.9166666666667
"168",0.467070152963184,"10",14
"169",0.477749045317874,"10",14.0833333333333
"170",0.490565333137515,"10",14.1666666666667
"171",0.503604623841849,"10",14.25
"172",0.517047317085716,"10",14.3333333333333
"173",0.529214642883564,"10",14.4166666666667
"174",0.542647895411702,"10",14.5
"175",0.554471334148456,"10",14.5833333333333
"176",0.567963229163339,"10",14.6666666666667
"177",0.580695482106559,"10",14.75
"178",0.594437062675866,"10",14.8333333333333
"179",0.607981761220572,"10",14.9166666666667
"180",0.621316749907127,"10",15
"181",0.633680065046394,"10",15.0833333333333
"182",0.645921408709807,"10",15.1666666666667
"183",0.657746157131913,"10",15.25
"184",0.6694053070584,"10",15.3333333333333
"185",0.68143651499295,"10",15.4166666666667
"186",0.69135695764762,"10",15.5
"187",0.702206583025964,"10",15.5833333333333
"188",0.712844197549878,"10",15.6666666666667
"189",0.723458617947652,"10",15.75
"190",0.733231554872621,"10",15.8333333333333
"191",0.744504741706723,"10",15.9166666666667
"192",0.754895559293706,"10",16
"193",0.765096287658573,"10",16.0833333333333
"194",0.774366441969101,"10",16.1666666666667
"195",0.785566582063065,"10",16.25
"196",0.795020177209214,"10",16.3333333333333
"197",0.803202180182104,"10",16.4166666666667
"198",0.811549192484972,"10",16.5
"199",0.820589663440888,"10",16.5833333333333
"200",0.828898621729174,"10",16.6666666666667
"201",0.835970843987912,"10",16.75
"202",0.842602658161758,"10",16.8333333333333
"203",0.850861233572272,"10",16.9166666666667
"204",0.857797692422868,"10",17
"205",0.86435455273845,"10",17.0833333333333
"206",0.871336940229109,"10",17.1666666666667
"207",0.87740421552168,"10",17.25
"208",0.882626585845338,"10",17.3333333333333
"209",0.887982875866755,"10",17.4166666666667
"210",0.893399455365121,"10",17.5
"211",0.898424720457892,"10",17.5833333333333
"212",0.903450364419635,"10",17.6666666666667
"213",0.907914713736208,"10",17.75
"214",0.913243877782571,"10",17.8333333333333
"215",0.917604898562392,"10",17.9166666666667
"216",0.921231112807256,"10",18
"217",0.925792333588989,"10",18.0833333333333
"218",0.929887432275764,"10",18.1666666666667
"219",0.933621929476401,"10",18.25
"220",0.936649213872008,"10",18.3333333333333
"221",0.94066622315992,"10",18.4166666666667
"222",0.943814618361369,"10",18.5
"223",0.946482052558252,"10",18.5833333333333
"224",0.949279524237721,"10",18.6666666666667
"225",0.952165819814608,"10",18.75
"226",0.954442067599449,"10",18.8333333333333
"227",0.957559773170117,"10",18.9166666666667
"228",0.959492805158874,"10",19
"229",0.961762822436969,"10",19.0833333333333
"230",0.964178525538375,"10",19.1666666666667
"231",0.966227206650396,"10",19.25
"232",0.967664470775991,"10",19.3333333333333
"233",0.969104774502895,"10",19.4166666666667
"234",0.970618289405432,"10",19.5
"235",0.97248732947279,"10",19.5833333333333
"236",0.973884010880204,"10",19.6666666666667
"237",0.975365011315522,"10",19.75
"238",0.97685162972785,"10",19.8333333333333
"239",0.977794791231288,"10",19.9166666666667
"240",0.979180237384144,"10",20
"241",0.0802302873987641,"25",0.0833333333333333
"242",0.0801322527351909,"25",0.166666666666667
"243",0.0799873736833871,"25",0.25
"244",0.0802861360545389,"25",0.333333333333333
"245",0.079871408950276,"25",0.416666666666667
"246",0.0796792751607826,"25",0.5
"247",0.0790246753052651,"25",0.583333333333333
"248",0.0788729784748905,"25",0.666666666666667
"249",0.0788588824584945,"25",0.75
"250",0.0784793514174396,"25",0.833333333333333
"251",0.0784578591453311,"25",0.916666666666667
"252",0.0776764277989257,"25",1
"253",0.07787291453187,"25",1.08333333333333
"254",0.077635819631197,"25",1.16666666666667
"255",0.0774149993269421,"25",1.25
"256",0.0774995175276192,"25",1.33333333333333
"257",0.0770783530259628,"25",1.41666666666667
"258",0.0764180316429377,"25",1.5
"259",0.0764204035778767,"25",1.58333333333333
"260",0.076531436717468,"25",1.66666666666667
"261",0.0765928110694888,"25",1.75
"262",0.0768533999740425,"25",1.83333333333333
"263",0.0766387369555876,"25",1.91666666666667
"264",0.0767787081128309,"25",2
"265",0.0766276794845384,"25",2.08333333333333
"266",0.0765213612703396,"25",2.16666666666667
"267",0.0767182968438693,"25",2.25
"268",0.0768667543295091,"25",2.33333333333333
"269",0.0771945781511688,"25",2.41666666666667
"270",0.0770794890984116,"25",2.5
"271",0.0769878872114756,"25",2.58333333333333
"272",0.0771496525577219,"25",2.66666666666667
"273",0.0772016165564676,"25",2.75
"274",0.0771861689886452,"25",2.83333333333333
"275",0.0772566342323663,"25",2.91666666666667
"276",0.0775474068168517,"25",3
"277",0.077265278869653,"25",3.08333333333333
"278",0.0774056574965621,"25",3.16666666666667
"279",0.077728726432393,"25",3.25
"280",0.0775535006654522,"25",3.33333333333333
"281",0.0777240360456227,"25",3.41666666666667
"282",0.0774112053563856,"25",3.5
"283",0.0770463970745085,"25",3.58333333333333
"284",0.07659221167273,"25",3.66666666666667
"285",0.0765370918374782,"25",3.75
"286",0.076268977026134,"25",3.83333333333333
"287",0.0757612398041932,"25",3.91666666666667
"288",0.0756503178074666,"25",4
"289",0.0753830487367813,"25",4.08333333333333
"290",0.0753400789986732,"25",4.16666666666667
"291",0.074979454112206,"25",4.25
"292",0.0753103726814478,"25",4.33333333333333
"293",0.0755436470368086,"25",4.41666666666667
"294",0.0751425437251834,"25",4.5
"295",0.0755531547516326,"25",4.58333333333333
"296",0.075208313500519,"25",4.66666666666667
"297",0.0750048263943236,"25",4.75
"298",0.0747106132352368,"25",4.83333333333333
"299",0.0750764730131248,"25",4.91666666666667
"300",0.0756162983871178,"25",5
"301",0.0753630437668122,"25",5.08333333333333
"302",0.0755451386083957,"25",5.16666666666667
"303",0.0759705489354611,"25",5.25
"304",0.0761875473988231,"25",5.33333333333333
"305",0.0760926404625513,"25",5.41666666666667
"306",0.0757925987852049,"25",5.5
"307",0.0764533241171481,"25",5.58333333333333
"308",0.0769562815417676,"25",5.66666666666667
"309",0.0774292817126063,"25",5.75
"310",0.0777515893738356,"25",5.83333333333333
"311",0.0785263448304224,"25",5.91666666666667
"312",0.0786734330223393,"25",6
"313",0.0790077335092003,"25",6.08333333333333
"314",0.0790663634110552,"25",6.16666666666667
"315",0.0793937297263961,"25",6.25
"316",0.0800683526253327,"25",6.33333333333333
"317",0.0801653163655394,"25",6.41666666666667
"318",0.0801353321377504,"25",6.5
"319",0.0796412004208961,"25",6.58333333333333
"320",0.07942225171043,"25",6.66666666666667
"321",0.0791612092091762,"25",6.75
"322",0.0791307464231493,"25",6.83333333333333
"323",0.0786068089443342,"25",6.91666666666667
"324",0.079223901224381,"25",7
"325",0.0798605991726046,"25",7.08333333333333
"326",0.0799470141751049,"25",7.16666666666667
"327",0.0795339188493357,"25",7.25
"328",0.0790584767174236,"25",7.33333333333333
"329",0.0788645447502286,"25",7.41666666666667
"330",0.0785357400926261,"25",7.5
"331",0.078454320598968,"25",7.58333333333333
"332",0.0780879307662617,"25",7.66666666666667
"333",0.0783263017624465,"25",7.75
"334",0.0782379809875385,"25",7.83333333333333
"335",0.078206542719196,"25",7.91666666666667
"336",0.0783153493129916,"25",8
"337",0.0782556471105255,"25",8.08333333333333
"338",0.0778830437322421,"25",8.16666666666667
"339",0.0780647073864811,"25",8.25
"340",0.0784771039145589,"25",8.33333333333333
"341",0.0788771691771225,"25",8.41666666666667
"342",0.0784333758243957,"25",8.5
"343",0.0784792614906801,"25",8.58333333333333
"344",0.0781792186531945,"25",8.66666666666667
"345",0.0781456264721257,"25",8.75
"346",0.0779109131624652,"25",8.83333333333333
"347",0.0781346232925464,"25",8.91666666666667
"348",0.0779554982850651,"25",9
"349",0.0783062571027163,"25",9.08333333333333
"350",0.0784472692921901,"25",9.16666666666667
"351",0.078272066777429,"25",9.25
"352",0.0781732385625558,"25",9.33333333333333
"353",0.0785493191341421,"25",9.41666666666667
"354",0.0786887855384737,"25",9.5
"355",0.0782992801973512,"25",9.58333333333333
"356",0.0779044604276956,"25",9.66666666666667
"357",0.0777969214862061,"25",9.75
"358",0.077452975258994,"25",9.83333333333333
"359",0.0773555818448386,"25",9.91666666666667
"360",0.0774271011876777,"25",10
"361",0.0786224341943671,"25",10.0833333333333
"362",0.0806494642709773,"25",10.1666666666667
"363",0.0831771388680348,"25",10.25
"364",0.0856149109741173,"25",10.3333333333333
"365",0.0882335556667335,"25",10.4166666666667
"366",0.0905594079130666,"25",10.5
"367",0.0930146562999848,"25",10.5833333333333
"368",0.0961076747792114,"25",10.6666666666667
"369",0.0989561132208956,"25",10.75
"370",0.10181366115484,"25",10.8333333333333
"371",0.104851505050012,"25",10.9166666666667
"372",0.108264862038776,"25",11
"373",0.112038760415018,"25",11.0833333333333
"374",0.115419665120731,"25",11.1666666666667
"375",0.119667211704434,"25",11.25
"376",0.122734417282209,"25",11.3333333333333
"377",0.126443132259216,"25",11.4166666666667
"378",0.129953937530438,"25",11.5
"379",0.133683914346971,"25",11.5833333333333
"380",0.137919743468448,"25",11.6666666666667
"381",0.14166664746448,"25",11.75
"382",0.1461783772443,"25",11.8333333333333
"383",0.150637624679379,"25",11.9166666666667
"384",0.155900181206361,"25",12
"385",0.160255479952068,"25",12.0833333333333
"386",0.164995342163838,"25",12.1666666666667
"387",0.169957949064096,"25",12.25
"388",0.175212976581683,"25",12.3333333333333
"389",0.179795937645513,"25",12.4166666666667
"390",0.184836459263527,"25",12.5
"391",0.190170759948374,"25",12.5833333333333
"392",0.1957702034462,"25",12.6666666666667
"393",0.201014369911195,"25",12.75
"394",0.207687533495997,"25",12.8333333333333
"395",0.213105507814662,"25",12.9166666666667
"396",0.218396619150897,"25",13
"397",0.223832212828316,"25",13.0833333333333
"398",0.229323576520308,"25",13.1666666666667
"399",0.235035764239276,"25",13.25
"400",0.240777963516716,"25",13.3333333333333
"401",0.247278995458813,"25",13.4166666666667
"402",0.253237152420195,"25",13.5
"403",0.25884170251912,"25",13.5833333333333
"404",0.265556384998108,"25",13.6666666666667
"405",0.273012025989936,"25",13.75
"406",0.278787463183744,"25",13.8333333333333
"407",0.285245145118043,"25",13.9166666666667
"408",0.292262139804472,"25",14
"409",0.299112256431058,"25",14.0833333333333
"410",0.306549322078249,"25",14.1666666666667
"411",0.31425872130685,"25",14.25
"412",0.321796260743833,"25",14.3333333333333
"413",0.329677646271822,"25",14.4166666666667
"414",0.338702419199586,"25",14.5
"415",0.346270347993539,"25",14.5833333333333
"416",0.354227410061067,"25",14.6666666666667
"417",0.363375096992157,"25",14.75
"418",0.370639525960231,"25",14.8333333333333
"419",0.379483903423944,"25",14.9166666666667
"420",0.387675721387189,"25",15
"421",0.396127328592855,"25",15.0833333333333
"422",0.404888196129151,"25",15.1666666666667
"423",0.414076352600701,"25",15.25
"424",0.42357342881978,"25",15.3333333333333
"425",0.43242536487386,"25",15.4166666666667
"426",0.440764707054683,"25",15.5
"427",0.449887047643654,"25",15.5833333333333
"428",0.458959786439514,"25",15.6666666666667
"429",0.467814764729383,"25",15.75
"430",0.477368625742644,"25",15.8333333333333
"431",0.486185717048702,"25",15.9166666666667
"432",0.495978476809027,"25",16
"433",0.505605963365372,"25",16.0833333333333
"434",0.514437593024131,"25",16.1666666666667
"435",0.524327409086172,"25",16.25
"436",0.534495084566368,"25",16.3333333333333
"437",0.544079202635979,"25",16.4166666666667
"438",0.553276946702795,"25",16.5
"439",0.56307863067414,"25",16.5833333333333
"440",0.571880495500289,"25",16.6666666666667
"441",0.581185165440353,"25",16.75
"442",0.590160709464528,"25",16.8333333333333
"443",0.598870465957176,"25",16.9166666666667
"444",0.60780071493541,"25",17
"445",0.617585390267735,"25",17.0833333333333
"446",0.626337505222915,"25",17.1666666666667
"447",0.635496129537039,"25",17.25
"448",0.644052789579589,"25",17.3333333333333
"449",0.653536062449553,"25",17.4166666666667
"450",0.662328581059134,"25",17.5
"451",0.671183558212134,"25",17.5833333333333
"452",0.679642308597667,"25",17.6666666666667
"453",0.689325959447718,"25",17.75
"454",0.697833493651147,"25",17.8333333333333
"455",0.706389073268806,"25",17.9166666666667
"456",0.715525404527577,"25",18
"457",0.724560772365838,"25",18.0833333333333
"458",0.732843009556979,"25",18.1666666666667
"459",0.741101244312783,"25",18.25
"460",0.747816447186814,"25",18.3333333333333
"461",0.755506268933755,"25",18.4166666666667
"462",0.762333752580009,"25",18.5
"463",0.769975210539041,"25",18.5833333333333
"464",0.777010159028585,"25",18.6666666666667
"465",0.784005200528275,"25",18.75
"466",0.790277992077559,"25",18.8333333333333
"467",0.796707085303723,"25",18.9166666666667
"468",0.803590283622017,"25",19
"469",0.810503934760316,"25",19.0833333333333
"470",0.816594384444851,"25",19.1666666666667
"471",0.82342240736897,"25",19.25
"472",0.829996690993576,"25",19.3333333333333
"473",0.836388129531325,"25",19.4166666666667
"474",0.842247465234752,"25",19.5
"475",0.848224900015228,"25",19.5833333333333
"476",0.853087894259868,"25",19.6666666666667
"477",0.858160794845056,"25",19.75
"478",0.863131115195834,"25",19.8333333333333
"479",0.867836767331851,"25",19.9166666666667
"480",0.873452420687721,"25",20
"481",0.0802101561834977,"60",0.0833333333333333
"482",0.0803695913645275,"60",0.166666666666667
"483",0.080460861856154,"60",0.25
"484",0.0803204581208177,"60",0.333333333333333
"485",0.0802287564469992,"60",0.416666666666667
"486",0.0802341797894227,"60",0.5
"487",0.0803843382715419,"60",0.583333333333333
"488",0.0804067307773178,"60",0.666666666666667
"489",0.0807574883287658,"60",0.75
"490",0.0807695492663497,"60",0.833333333333333
"491",0.0808903674417232,"60",0.916666666666667
"492",0.0811203643896233,"60",1
"493",0.0812640036040398,"60",1.08333333333333
"494",0.0814394673114844,"60",1.16666666666667
"495",0.081233114802617,"60",1.25
"496",0.0814528671062216,"60",1.33333333333333
"497",0.0817302848919656,"60",1.41666666666667
"498",0.0819518156446198,"60",1.5
"499",0.0821713304843484,"60",1.58333333333333
"500",0.0822582773638925,"60",1.66666666666667
"501",0.0822770294858345,"60",1.75
"502",0.0825014401891875,"60",1.83333333333333
"503",0.0824728619061556,"60",1.91666666666667
"504",0.0822218675381907,"60",2
"505",0.0820527176804601,"60",2.08333333333333
"506",0.0820314823292186,"60",2.16666666666667
"507",0.0817135843301986,"60",2.25
"508",0.0817382647435855,"60",2.33333333333333
"509",0.0816024955278795,"60",2.41666666666667
"510",0.0816135978930929,"60",2.5
"511",0.0816010284012808,"60",2.58333333333333
"512",0.0815420570700172,"60",2.66666666666667
"513",0.0813557947144788,"60",2.75
"514",0.0810458279628089,"60",2.83333333333333
"515",0.0807524304809878,"60",2.91666666666667
"516",0.0809792854220531,"60",3
"517",0.080875930411635,"60",3.08333333333333
"518",0.0811136535711306,"60",3.16666666666667
"519",0.0808874310451864,"60",3.25
"520",0.0809373805582299,"60",3.33333333333333
"521",0.080975484185531,"60",3.41666666666667
"522",0.0809146279375856,"60",3.5
"523",0.08109384969658,"60",3.58333333333333
"524",0.0810528446879355,"60",3.66666666666667
"525",0.081051565244308,"60",3.75
"526",0.0809642945037105,"60",3.83333333333333
"527",0.0807447080860416,"60",3.91666666666667
"528",0.0804057600490496,"60",4
"529",0.0802320003834679,"60",4.08333333333333
"530",0.0801753581829469,"60",4.16666666666667
"531",0.0799202793289539,"60",4.25
"532",0.0797890384283031,"60",4.33333333333333
"533",0.0799412970312471,"60",4.41666666666667
"534",0.0799214819826035,"60",4.5
"535",0.0798560766195648,"60",4.58333333333333
"536",0.0798283382770203,"60",4.66666666666667
"537",0.0801117292746435,"60",4.75
"538",0.0799550706290625,"60",4.83333333333333
"539",0.0799102731474991,"60",4.91666666666667
"540",0.0798386284838714,"60",5
"541",0.079803868917765,"60",5.08333333333333
"542",0.0797780290837441,"60",5.16666666666667
"543",0.079793332590065,"60",5.25
"544",0.0794843700466958,"60",5.33333333333333
"545",0.0794166933388857,"60",5.41666666666667
"546",0.0794173359406001,"60",5.5
"547",0.0792370325981392,"60",5.58333333333333
"548",0.0789985073989269,"60",5.66666666666667
"549",0.0789477066622498,"60",5.75
"550",0.0786956243789295,"60",5.83333333333333
"551",0.0783076919364739,"60",5.91666666666667
"552",0.0781137635776348,"60",6
"553",0.0777675563676944,"60",6.08333333333333
"554",0.0775029715004253,"60",6.16666666666667
"555",0.0772412955759065,"60",6.25
"556",0.0768060068559671,"60",6.33333333333333
"557",0.0765557432377259,"60",6.41666666666667
"558",0.0766246202671178,"60",6.5
"559",0.0767090039110367,"60",6.58333333333333
"560",0.076744396125722,"60",6.66666666666667
"561",0.0769649675146428,"60",6.75
"562",0.0768832523737955,"60",6.83333333333333
"563",0.0769005350519707,"60",6.91666666666667
"564",0.0769041477398432,"60",7
"565",0.077050332267992,"60",7.08333333333333
"566",0.0772833206597718,"60",7.16666666666667
"567",0.0773233775411118,"60",7.25
"568",0.0771690172207676,"60",7.33333333333333
"569",0.0773922336743383,"60",7.41666666666667
"570",0.0776469530050532,"60",7.5
"571",0.0777250146576528,"60",7.58333333333333
"572",0.0777984328520435,"60",7.66666666666667
"573",0.0777955132584061,"60",7.75
"574",0.0777753751681777,"60",7.83333333333333
"575",0.0776285271881955,"60",7.91666666666667
"576",0.077748032394589,"60",8
"577",0.0776332614527349,"60",8.08333333333333
"578",0.077539408955184,"60",8.16666666666667
"579",0.0775998388707271,"60",8.25
"580",0.0777938676500122,"60",8.33333333333333
"581",0.0778169254674383,"60",8.41666666666667
"582",0.0781005619547902,"60",8.5
"583",0.0781824652973443,"60",8.58333333333333
"584",0.0782161181322008,"60",8.66666666666667
"585",0.0783931064040147,"60",8.75
"586",0.0783567984403875,"60",8.83333333333333
"587",0.0783458223630842,"60",8.91666666666667
"588",0.078442027945764,"60",9
"589",0.0785234584180638,"60",9.08333333333333
"590",0.0785429462054989,"60",9.16666666666667
"591",0.0786131966282267,"60",9.25
"592",0.0785793846578055,"60",9.33333333333333
"593",0.0786644643585453,"60",9.41666666666667
"594",0.0790990444222683,"60",9.5
"595",0.0792104206853493,"60",9.58333333333333
"596",0.0792606895649327,"60",9.66666666666667
"597",0.0790724609775552,"60",9.75
"598",0.0792333562934532,"60",9.83333333333333
"599",0.0790585387953166,"60",9.91666666666667
"600",0.0791234049270916,"60",10
"601",0.0795734422533543,"60",10.0833333333333
"602",0.080186624861381,"60",10.1666666666667
"603",0.0809086531796117,"60",10.25
"604",0.0819702483930595,"60",10.3333333333333
"605",0.0828434178329103,"60",10.4166666666667
"606",0.0835136330231765,"60",10.5
"607",0.0844505130449552,"60",10.5833333333333
"608",0.0853392503404507,"60",10.6666666666667
"609",0.0861926563653915,"60",10.75
"610",0.0873817478364956,"60",10.8333333333333
"611",0.0884585376980551,"60",10.9166666666667
"612",0.0893731717739879,"60",11
"613",0.0904428453011976,"60",11.0833333333333
"614",0.0914178936984558,"60",11.1666666666667
"615",0.0924476013328562,"60",11.25
"616",0.093520237008653,"60",11.3333333333333
"617",0.0945763976881819,"60",11.4166666666667
"618",0.0955039560172813,"60",11.5
"619",0.0964199217113375,"60",11.5833333333333
"620",0.0974345361233702,"60",11.6666666666667
"621",0.0983664410266639,"60",11.75
"622",0.0994188386806142,"60",11.8333333333333
"623",0.100625646702236,"60",11.9166666666667
"624",0.101697638645617,"60",12
"625",0.103033716644763,"60",12.0833333333333
"626",0.103974387996629,"60",12.1666666666667
"627",0.105029008118237,"60",12.25
"628",0.106346616903523,"60",12.3333333333333
"629",0.107141387556757,"60",12.4166666666667
"630",0.108227368805101,"60",12.5
"631",0.109507928166217,"60",12.5833333333333
"632",0.110543847502082,"60",12.6666666666667
"633",0.111814480791643,"60",12.75
"634",0.11325443318974,"60",12.8333333333333
"635",0.114482764451997,"60",12.9166666666667
"636",0.115763562569355,"60",13
"637",0.117032833191649,"60",13.0833333333333
"638",0.118686269355722,"60",13.1666666666667
"639",0.12018092344211,"60",13.25
"640",0.121378565262127,"60",13.3333333333333
"641",0.122695430820785,"60",13.4166666666667
"642",0.123847874499239,"60",13.5
"643",0.125189413606893,"60",13.5833333333333
"644",0.126341771828548,"60",13.6666666666667
"645",0.127670260776993,"60",13.75
"646",0.128940224995978,"60",13.8333333333333
"647",0.130262153268667,"60",13.9166666666667
"648",0.131923132074113,"60",14
"649",0.133118294637572,"60",14.0833333333333
"650",0.134591159960482,"60",14.1666666666667
"651",0.135996711714889,"60",14.25
"652",0.137632250213366,"60",14.3333333333333
"653",0.139579048069577,"60",14.4166666666667
"654",0.141165055032514,"60",14.5
"655",0.14258581994048,"60",14.5833333333333
"656",0.143927815644464,"60",14.6666666666667
"657",0.144911237125161,"60",14.75
"658",0.146231429435548,"60",14.8333333333333
"659",0.147677208237017,"60",14.9166666666667
"660",0.149059649891415,"60",15
"661",0.150902343960597,"60",15.0833333333333
"662",0.152416420301064,"60",15.1666666666667
"663",0.153958949441138,"60",15.25
"664",0.155382354035814,"60",15.3333333333333
"665",0.156897557679615,"60",15.4166666666667
"666",0.158397764012891,"60",15.5
"667",0.160046599337179,"60",15.5833333333333
"668",0.161828037045013,"60",15.6666666666667
"669",0.163350077304137,"60",15.75
"670",0.164886354916157,"60",15.8333333333333
"671",0.166515331019381,"60",15.9166666666667
"672",0.168331731115433,"60",16
"673",0.169757848435322,"60",16.0833333333333
"674",0.171285813729353,"60",16.1666666666667
"675",0.172786893255616,"60",16.25
"676",0.174770493257065,"60",16.3333333333333
"677",0.176510601665953,"60",16.4166666666667
"678",0.178304259987804,"60",16.5
"679",0.180178140605392,"60",16.5833333333333
"680",0.18222234748726,"60",16.6666666666667
"681",0.183818729790009,"60",16.75
"682",0.185565203164454,"60",16.8333333333333
"683",0.187496563241118,"60",16.9166666666667
"684",0.188989694448646,"60",17
"685",0.190382916368599,"60",17.0833333333333
"686",0.192030689736417,"60",17.1666666666667
"687",0.193965957106148,"60",17.25
"688",0.195725897857626,"60",17.3333333333333
"689",0.198013605203924,"60",17.4166666666667
"690",0.199975748231883,"60",17.5
"691",0.201751873792773,"60",17.5833333333333
"692",0.204021329352445,"60",17.6666666666667
"693",0.206235007803556,"60",17.75
"694",0.208555095810827,"60",17.8333333333333
"695",0.21092028721576,"60",17.9166666666667
"696",0.213625556311878,"60",18
"697",0.216180446548626,"60",18.0833333333333
"698",0.218635319948823,"60",18.1666666666667
"699",0.220959402659297,"60",18.25
"700",0.222810802738815,"60",18.3333333333333
"701",0.225091660447464,"60",18.4166666666667
"702",0.227331770472936,"60",18.5
"703",0.229918910027106,"60",18.5833333333333
"704",0.232332091599583,"60",18.6666666666667
"705",0.234868609954058,"60",18.75
"706",0.237784346946979,"60",18.8333333333333
"707",0.240333213069758,"60",18.9166666666667
"708",0.242670780145132,"60",19
"709",0.245431749618561,"60",19.0833333333333
"710",0.247737305721888,"60",19.1666666666667
"711",0.250096387641926,"60",19.25
"712",0.252255777025317,"60",19.3333333333333
"713",0.254592452681719,"60",19.4166666666667
"714",0.256821263522426,"60",19.5
"715",0.259730040678886,"60",19.5833333333333
"716",0.262219339205755,"60",19.6666666666667
"717",0.265219092193884,"60",19.75
"718",0.267804831758896,"60",19.8333333333333
"719",0.270762489464365,"60",19.9166666666667
"720",0.273438049884833,"60",20
