"","hrp2.Deletion.Allele.Frequency","Proportion.of.Monoinfections.Due.to.hrp2.Deleted.Strains","PCR.Prevalence"
"1",0.616005189740595,0.393707402368599,0.151172333333333
"2",0.637853497741405,0.414398209307385,0.148620333333333
"3",0.655774849130561,0.423164923989018,0.164625333333333
"4",0.538232944595468,0.339917368471975,0.161923666666667
"5",0.564478279785843,0.363030158058402,0.181156666666667
"6",0.564981166321673,0.360725326121429,0.191288666666667
"7",0.47306862510504,0.299044335767998,0.194733666666667
"8",0.601119462293784,0.391011519238958,0.216825666666667
"9",0.451475858912035,0.287657044212142,0.225918333333333
"10",0.465811930233841,0.297896890214835,0.232845666666667
"11",0.458417400535307,0.29698633042971,0.25141
"12",0.475342566082941,0.304245887589362,0.257472666666667
"13",0.432445344238665,0.278570008449724,0.268253333333333
"14",0.354336618062657,0.221157628514153,0.282180333333333
"15",0.387486528251919,0.242968990102204,0.305859333333333
"16",0.345816651446161,0.212886687170429,0.321567
"17",0.30108736572385,0.185370331231041,0.326469
"18",0.326036043988354,0.201025750837106,0.351807333333333
"19",0.30560492514265,0.188681860122467,0.365596
"20",0.268196127522118,0.161761401735734,0.381279666666667
"21",0.240489247099414,0.143216449176741,0.399712
"22",0.217132727869656,0.128318997946278,0.409825
"23",0.261529435381472,0.154293800655552,0.432002666666667
"24",0.238563911640672,0.138961668667502,0.456476
"25",0.214377181664659,0.123224985106773,0.465536
"26",0.202671110520001,0.114258552429782,0.492287
"27",0.188391383734546,0.102985086421834,0.506160666666667
"28",0.160025927855764,0.0854074585547216,0.522335333333333
"29",0.173272227271572,0.0925948887680328,0.543039333333333
"30",0.163865425967685,0.0832561373074543,0.559542333333333
"31",0.145706120181169,0.0739649093709003,0.578806
"32",0.147583336624467,0.0725962239137126,0.592377
"33",0.151948883544821,0.0750805003533491,0.606105
"34",0.12873331662205,0.0614804923784823,0.623585333333333
"35",0.139450681557407,0.0643458597120579,0.640036
"36",0.129730906046784,0.0591871015178628,0.656449333333333
"37",0.13508197831702,0.0587927240533295,0.674698
"38",0.111736817105039,0.0487321178710516,0.681569666666667
"39",0.114226177300793,0.0465476789603522,0.701417
"40",0.1203676567395,0.047378820580333,0.712751666666667
"41",0.112711073330658,0.0443620640907175,0.729767666666667
"42",0.106138800616512,0.0404929173705977,0.741273666666667
"43",0.100081435463178,0.036050981078492,0.756123666666667
"44",0.100528245218362,0.0352457586056539,0.769813666666667
"45",0.10464850936232,0.0348398427505707,0.777787666666667
"46",0.100304874314943,0.0308761814661195,0.791354333333333
"47",0.0960640811506959,0.0304533964515932,0.801881
"48",0.0978647632870558,0.0291451990535681,0.807806
"49",0.0944366278541373,0.0269513786036056,0.823272666666667
"50",0.0910954807410634,0.0252091944509939,0.831284
"51",0.0897782665566398,0.0229703334928413,0.843566333333333
"52",0.0924241900445221,0.0228479936033614,0.850446666666667
"53",0.0911449586495001,0.0218913342823744,0.858878666666667
"54",0.0883871404771392,0.0205998474170657,0.868598666666667
"55",0.084385272536087,0.0184712821924955,0.873987333333333
"56",0.624587127231602,0.400853958766246,0.149343666666667
"57",0.582481553720628,0.36937090221726,0.143014333333333
"58",0.638957845890359,0.414194103844607,0.164932333333333
"59",0.660753112187742,0.429804197577113,0.176181
"60",0.582541228806297,0.376346658079948,0.181158333333333
"61",0.632397983170432,0.413981223039838,0.202304666666667
"62",0.476824567860413,0.302125665327834,0.197020666666667
"63",0.561599634959781,0.363781149565599,0.209714
"64",0.43624042635438,0.278884044918269,0.222804666666667
"65",0.431065222806352,0.272469669925829,0.228211333333333
"66",0.447961541071292,0.28455776538612,0.246223
"67",0.414806166843405,0.265589592287386,0.253299333333333
"68",0.366165927706128,0.232798909018474,0.261049333333333
"69",0.391102799853376,0.245831509016503,0.285495
"70",0.335926349079697,0.210711067727887,0.301874666666667
"71",0.39550357139217,0.249727604170383,0.327036333333333
"72",0.323347035836237,0.203121961351703,0.327379666666667
"73",0.341723741606058,0.212407600127477,0.354573
"74",0.325004388305477,0.200010592185341,0.365049
"75",0.277686102262565,0.169185234609778,0.381676333333333
"76",0.260570729617886,0.155119307596707,0.403117666666667
"77",0.260566447083727,0.155960908673175,0.411310333333333
"78",0.235001082373666,0.135739591185896,0.429796
"79",0.193462434927042,0.111250249528382,0.452520333333333
"80",0.209818857483177,0.121514658154522,0.467828333333333
"81",0.20672566917474,0.117186015095065,0.489299
"82",0.197860867938754,0.108558030015936,0.504532
"83",0.183031222009837,0.100348163261163,0.525424
"84",0.173501832484565,0.0905034134564908,0.542900333333333
"85",0.148690875742513,0.076836255777386,0.559653333333333
"86",0.149452682844938,0.0783746091755076,0.576985333333333
"87",0.149521616036789,0.0760923673112038,0.591277
"88",0.143040192078854,0.0690739613707315,0.608502333333333
"89",0.135473232171601,0.0634284278127492,0.628661333333333
"90",0.135663057194488,0.0633887260135577,0.639093666666667
"91",0.138110669598289,0.064442080822689,0.657810333333333
"92",0.125194893671689,0.0550966276616765,0.668062666666667
"93",0.111848792230014,0.0475029666177435,0.683157333333333
"94",0.117380245530625,0.0471317562517856,0.704705333333333
"95",0.111160551048308,0.0447731489717435,0.710150333333333
"96",0.115361095237244,0.0445160453879781,0.730178666666667
"97",0.10902668476542,0.0406215775806754,0.742347666666667
"98",0.103090505803571,0.0375305776301638,0.751911333333333
"99",0.107604454651831,0.0380243169536454,0.768078666666667
"100",0.0978353017097126,0.0318664219906177,0.776355333333333
"101",0.0974876559460407,0.0308279724163466,0.792256666666667
"102",0.0996927774758219,0.0309381660103598,0.802978
"103",0.0953445743536502,0.029289018255137,0.809416
"104",0.0922405949460566,0.0265489556862705,0.823108333333333
"105",0.0953322661763777,0.0256637022549886,0.830706333333333
"106",0.0886800735279677,0.0230905791227952,0.843056666666667
"107",0.0888072729750892,0.0215195135201993,0.851614666666667
"108",0.0919885319032149,0.0221861790710584,0.859874666666667
"109",0.0900979580686739,0.020975314425856,0.866606
"110",0.0888314345108512,0.0188259635757284,0.87158
"111",0.598754405562235,0.38145194471737,0.148256333333333
"112",0.618961266397735,0.390104280271212,0.143651333333333
"113",0.651409303482012,0.422642989280295,0.162349
"114",0.586295885334228,0.377223804042729,0.16507
"115",0.508613490325892,0.321064753895242,0.173523666666667
"116",0.60597820740317,0.396852944184936,0.195526666666667
"117",0.540544679507848,0.346397244927596,0.200841666666667
"118",0.453264456458207,0.287898908884377,0.203064333333333
"119",0.382367728882834,0.242134493283201,0.220392666666667
"120",0.405373166790692,0.257894498898205,0.228566333333333
"121",0.513528118989528,0.333549060267061,0.252376666666667
"122",0.390573411808354,0.248698276411706,0.250949333333333
"123",0.417160137015716,0.263388149581253,0.267743
"124",0.365676279709845,0.230040422382223,0.284166
"125",0.33045597882591,0.203443016052019,0.301789666666667
"126",0.275562466306008,0.171614792604333,0.314833
"127",0.332847301147555,0.207149598099515,0.327776
"128",0.274278047780336,0.164849288783374,0.347784333333333
"129",0.305066071716981,0.187927395833523,0.365488666666667
"130",0.272654748769523,0.164753207085598,0.380433666666667
"131",0.244569239703981,0.145546068073653,0.400762
"132",0.266265786272255,0.158082772546448,0.414348333333333
"133",0.227331845184664,0.132474976072895,0.426991333333333
"134",0.21398224192843,0.125178780033757,0.452837666666667
"135",0.201662994681411,0.113076648602682,0.468027666666667
"136",0.201025037266943,0.112745446638349,0.487478666666667
"137",0.198095987568459,0.108896436383028,0.505048666666667
"138",0.19734805061756,0.107152214949595,0.522863666666667
"139",0.180853188666958,0.0967565431312058,0.544018333333333
"140",0.158476570250866,0.0812403169218893,0.558749666666667
"141",0.14987705002079,0.0759008104640322,0.577776
"142",0.142859147667491,0.0713387799331134,0.591847333333333
"143",0.148714489614107,0.0708846804256631,0.606520333333333
"144",0.140261031876562,0.0666772177868439,0.625526
"145",0.136788747833875,0.0625949912339823,0.639971333333333
"146",0.132713771406919,0.059494038728864,0.657270333333333
"147",0.123705255293289,0.0548974657971009,0.671190666666667
"148",0.1172121122944,0.0502461385093417,0.680782
"149",0.118848579359299,0.0493488892677254,0.701954333333333
"150",0.115845858836116,0.0468525881522943,0.713443333333333
"151",0.119251062525816,0.0464640447959459,0.731971
"152",0.112226250065282,0.0411704291348758,0.741608333333333
"153",0.11236920554606,0.0411478986821805,0.752075666666667
"154",0.095832961120028,0.0326731646484681,0.768204333333333
"155",0.100788465945911,0.0336344333650431,0.779290666666667
"156",0.0998309275004756,0.031930099380899,0.792439333333333
"157",0.0951119905990178,0.0289982432616775,0.801485333333333
"158",0.103737036236539,0.0318760893319039,0.809938333333333
"159",0.0949116837015221,0.0265107357860074,0.822358666666667
"160",0.0935514801199978,0.0261108632303579,0.831493
"161",0.0935301396172188,0.0242171803560523,0.843808666666667
"162",0.0893081715390112,0.0221845969550937,0.851476666666667
"163",0.0897689224257585,0.0213363560323115,0.858394
"164",0.0905904543476199,0.0206392524844719,0.867085666666667
"165",0.0906560644493153,0.0204849819476097,0.872183666666667
"166",0.611309392742759,0.396224867185213,0.150334666666667
"167",0.630591651003663,0.398390564361313,0.144812666666667
"168",0.551430730228138,0.349241987893541,0.153361666666667
"169",0.630606608753336,0.407558853551947,0.167194666666667
"170",0.562437252782302,0.363518117861769,0.181184
"171",0.555606855159232,0.357930502357993,0.192678
"172",0.429874974541,0.268891033771447,0.191325333333333
"173",0.584207994722188,0.376226670948863,0.214843
"174",0.459369701514059,0.290614640278747,0.220606
"175",0.45304960714387,0.290740743412784,0.231015666666667
"176",0.416030610811905,0.262566441345316,0.246019
"177",0.400369190558422,0.247980697649686,0.250746666666667
"178",0.375173163893662,0.235169819299476,0.258549333333333
"179",0.37458464249944,0.238042440517902,0.283502666666667
"180",0.365139853077915,0.226322126637621,0.306186
"181",0.33300374962959,0.206713744115319,0.32004
"182",0.343479465610504,0.212367416465767,0.327969333333333
"183",0.295250838120505,0.17885077790133,0.35073
"184",0.270607651846694,0.164737233617947,0.361620333333333
"185",0.256967754932524,0.154286779654998,0.375456666666667
"186",0.241347433707847,0.145171660884358,0.398149333333333
"187",0.224240063315725,0.132456728593797,0.409585333333333
"188",0.220412525663625,0.127011320161131,0.428056333333333
"189",0.216816099060567,0.123633107468914,0.454894333333333
"190",0.222483978601864,0.127034500743511,0.467825666666667
"191",0.175822560375116,0.0972286881765645,0.488312666666667
"192",0.182445109888088,0.0995168948161764,0.504859
"193",0.199485234234308,0.109462678750487,0.52191
"194",0.18375931591161,0.0973057380677314,0.540704666666667
"195",0.159529973260027,0.0846368500092181,0.558681
"196",0.14989719995825,0.0754670036432028,0.577422333333333
"197",0.135701787532198,0.0670212699901838,0.590519
"198",0.1411410751661,0.0683018907255324,0.607650333333333
"199",0.142457013475518,0.0678359933434388,0.624747
"200",0.133537570524373,0.062660857789977,0.639022
"201",0.131419291572555,0.0594230957488196,0.657174333333333
"202",0.116793377373413,0.0496749033762004,0.670211
"203",0.115490814615099,0.0494759746909892,0.681233
"204",0.115763254687586,0.0483815120771667,0.704690666666667
"205",0.116747226970017,0.0485507419689012,0.710789
"206",0.103661924062446,0.0386355152849368,0.733151
"207",0.110572323401311,0.0413263450059958,0.74219
"208",0.102276139724663,0.03741282650967,0.754099666666667
"209",0.105748906348805,0.0368310527969776,0.767948
"210",0.100198353365755,0.0342654721696911,0.778198333333333
"211",0.0963123662530966,0.0310524825535678,0.792282333333333
"212",0.0929437692409364,0.0277097138518247,0.802486333333333
"213",0.0951514737344504,0.0284616286652993,0.810131666666667
"214",0.0982249643951151,0.0275367224538524,0.822271666666667
"215",0.0974929432442025,0.0270413064361191,0.8328
"216",0.0899807222894329,0.0233916528787668,0.840713
"217",0.0895430379789592,0.023115659792841,0.850779666666667
"218",0.0874295876440069,0.0208131227477556,0.859698
"219",0.0883266310305162,0.0203359362481214,0.867446333333333
"220",0.0857971012159857,0.0191967871179194,0.872819666666667
"221",0.661473443869132,0.428335762243202,0.155991333333333
"222",0.699955177217961,0.452109136800724,0.149231666666667
"223",0.603815542879088,0.387626515392574,0.158182333333333
"224",0.549294200238728,0.349307217205542,0.166334
"225",0.495434372693149,0.312303022775613,0.171762666666667
"226",0.609303444447984,0.392122719875661,0.196023666666667
"227",0.552059765925119,0.355608080499367,0.200680666666667
"228",0.492643389519082,0.316414844040089,0.203781
"229",0.436447770807973,0.279067892395831,0.223250333333333
"230",0.496427845528636,0.315643653628862,0.233645333333333
"231",0.375242966138108,0.236196411080523,0.244344666666667
"232",0.461503820303693,0.294961765123087,0.25849
"233",0.446250981686656,0.285310966886279,0.271438333333333
"234",0.349691511546028,0.219054574612501,0.284344666666667
"235",0.322725380297607,0.199697508719095,0.300394333333333
"236",0.326489785121115,0.203793550086716,0.318857
"237",0.296277477402691,0.182461343891018,0.325239666666667
"238",0.310911576515285,0.190897693559192,0.3483
"239",0.261459647016408,0.160434341078717,0.358765666666667
"240",0.228144267788938,0.138182686905241,0.376728333333333
"241",0.213826992733694,0.127428614993051,0.397877666666667
"242",0.221295953824557,0.132404169825008,0.40897
"243",0.240141868578995,0.142064658025832,0.429511
"244",0.212594239531975,0.123779698354218,0.453644666666667
"245",0.214952949764909,0.122897545060506,0.467112666666667
"246",0.208408610181966,0.116106368021326,0.492178
"247",0.201539209622911,0.112682725019142,0.501961
"248",0.178538710161532,0.0963635539015125,0.521819
"249",0.158392155901189,0.0836172920347422,0.539593333333333
"250",0.154278667402131,0.0801855102486477,0.558675333333333
"251",0.146518462715282,0.0738074571502328,0.577191
"252",0.146735301148317,0.0739908656734944,0.590811666666667
"253",0.150627325416561,0.0733773295001783,0.605709333333333
"254",0.13434552352371,0.0642867100632361,0.624063666666667
"255",0.131887545620524,0.0620846211077604,0.639777333333333
"256",0.136686467872452,0.0610620832682803,0.655447666666667
"257",0.125473903168701,0.0564853868502532,0.670492
"258",0.113902558013059,0.0481852835155558,0.682255333333333
"259",0.113554664120529,0.0454181862745564,0.701752666666667
"260",0.12042044905448,0.0493972815705024,0.711415666666667
"261",0.108764900348174,0.0412196550673277,0.730654666666667
"262",0.10904050760724,0.0413952372517674,0.743338333333333
"263",0.0948609788035426,0.033986697180888,0.752873
"264",0.104879908873229,0.0373752085718429,0.770118333333333
"265",0.102388276193568,0.0350630517914274,0.779015666666667
"266",0.101824616563005,0.0331806440908926,0.791586
"267",0.0994067313165483,0.0306785215798244,0.800755666666667
"268",0.0943059212551201,0.0284884796035356,0.81117
"269",0.0961658649223756,0.0282490858091737,0.820215333333333
"270",0.09201614630113,0.0251349499942481,0.831604333333333
"271",0.0888033231070254,0.0235711577158452,0.843007666666667
"272",0.0882886134091495,0.0219315825927893,0.849900666666667
"273",0.0906630312224047,0.0215681940679905,0.85963
"274",0.0823729361739436,0.0182974979565014,0.865346
"275",0.0877983099518588,0.0195624960054865,0.870986333333333
"276",0.642469137154331,0.415023611313957,0.150634
"277",0.740415442198418,0.483164911594529,0.156815333333333
"278",0.70688304763165,0.456871190190402,0.169956
"279",0.627595787629835,0.400959205463997,0.170766333333333
"280",0.557832796000818,0.353269872529295,0.180093666666667
"281",0.572131551890248,0.366072418380356,0.192437333333333
"282",0.397717213224803,0.253417506289597,0.192513666666667
"283",0.450053616598934,0.286161584633461,0.203975666666667
"284",0.420520215616899,0.268277658965631,0.221326666666667
"285",0.434274920124598,0.275806524106194,0.229906333333333
"286",0.426797123111561,0.271234012522993,0.248449666666667
"287",0.441013357810727,0.27923963753349,0.257789333333333
"288",0.391872262063924,0.247850937703725,0.263836
"289",0.374678006854167,0.234416669005979,0.284984
"290",0.333117986618684,0.207769422729774,0.302279
"291",0.346892035327177,0.217128585323724,0.321112333333333
"292",0.30310223538279,0.185206046859215,0.329625666666667
"293",0.270572973127116,0.16574064247052,0.348623
"294",0.299900888369805,0.185046950713158,0.365276666666667
"295",0.268041217700472,0.161472271756886,0.383009
"296",0.259303041828676,0.156330284100476,0.399882
"297",0.243977850325782,0.144177258896744,0.411255333333333
"298",0.22506538876464,0.130723784821483,0.430266
"299",0.216695449204924,0.125833528481939,0.455493333333333
"300",0.19289631935109,0.109932079816903,0.467804
"301",0.20265807086122,0.115191370788475,0.489747333333333
"302",0.199457648768725,0.109951746580533,0.503660333333333
"303",0.169193886569354,0.0916226745660343,0.520548
"304",0.175681794682365,0.0918070821004436,0.541073
"305",0.157251921976467,0.0806571827277609,0.556801
"306",0.153682915878959,0.0775484004054231,0.578490333333333
"307",0.148721796971706,0.074722597376958,0.594322666666667
"308",0.138467998140157,0.0670376552287717,0.604511
"309",0.132618601984905,0.0633831912515054,0.625265666666667
"310",0.132655868083968,0.062094742072062,0.636683
"311",0.129726197637891,0.0577056488067909,0.659230666666667
"312",0.130234954459853,0.0576414029977391,0.673329666666667
"313",0.121162451206843,0.0521747943809061,0.684072333333333
"314",0.112229449442012,0.0451156292650333,0.702417333333333
"315",0.12053100166712,0.0481216223220819,0.713816333333333
"316",0.11102498751312,0.0429609264923193,0.727475
"317",0.111651321504367,0.042642177373226,0.740096666666667
"318",0.10240975395354,0.0365515722513904,0.753738666666667
"319",0.0914140432501834,0.0314551411680251,0.771267666666667
"320",0.099066405272196,0.0339534587108805,0.778821
"321",0.0997956228796413,0.0323114513928755,0.793155333333333
"322",0.101650744655145,0.0316518594968266,0.801301
"323",0.0975425799720175,0.0292578541819511,0.807828666666667
"324",0.0892840093626484,0.0261405938072142,0.821838
"325",0.0994985454354912,0.028464295415477,0.833231
"326",0.0907496474319187,0.0238366343694435,0.841352
"327",0.0901319273836886,0.0225336051302782,0.851779666666667
"328",0.0889537656280026,0.0212889693113822,0.858613666666667
"329",0.0845064958436638,0.0190809259660689,0.865733666666667
"330",0.0915975912853521,0.0199143528617817,0.873273
"331",0.646316895978505,0.413875793001548,0.151376333333333
"332",0.552060507955562,0.349395567103364,0.142916333333333
"333",0.697311528637137,0.448385249588362,0.168230333333333
"334",0.607560018169354,0.393008523918208,0.171752
"335",0.540525187952677,0.344359441816074,0.178818
"336",0.648450296349457,0.423552973441109,0.203221333333333
"337",0.495795711293563,0.314485028195328,0.194476666666667
"338",0.532609926999552,0.3431659118979,0.210513333333333
"339",0.428735525941797,0.271589055880362,0.223608666666667
"340",0.483367490704261,0.310761981562288,0.237267333333333
"341",0.523284598499947,0.33870337297801,0.253277666666667
"342",0.396675314566794,0.251361673971292,0.254405
"343",0.427384175168502,0.270649139206883,0.267795666666667
"344",0.33104556168778,0.204080933432889,0.282141333333333
"345",0.295263466732144,0.184911257541061,0.297095666666667
"346",0.336693711527023,0.211258445753215,0.321364666666667
"347",0.320619554448878,0.196235727829816,0.327677333333333
"348",0.281774331863873,0.173974399273706,0.351005666666667
"349",0.246073846387345,0.151146420978293,0.359190333333333
"350",0.246029459760696,0.149552354317274,0.37902
"351",0.248605696280711,0.146190253428181,0.400455333333333
"352",0.25629666204763,0.150911792321588,0.415719666666667
"353",0.229350357967626,0.131176276771005,0.429958333333333
"354",0.235323597760642,0.137349346615487,0.456954
"355",0.215066105867861,0.122066234777458,0.472189
"356",0.205039225620235,0.114954222465154,0.487866666666667
"357",0.197279981964276,0.109327666799352,0.504953
"358",0.172707470530794,0.093968923673074,0.523013333333333
"359",0.157954346849804,0.0828745092915757,0.53579
"360",0.145270234514983,0.0747498062987511,0.556269
"361",0.154600116115644,0.0787013963169611,0.576516666666667
"362",0.143449666415195,0.0695077892001617,0.592144666666667
"363",0.131368397142707,0.0638722092900222,0.604864
"364",0.146833557761739,0.0691420358615973,0.62388
"365",0.14515223304942,0.0699827842423712,0.639724
"366",0.134476787502811,0.0623006096112336,0.655226333333333
"367",0.124037834397776,0.0544375076873024,0.672104
"368",0.126564949402916,0.0550910311984859,0.682458333333333
"369",0.117525099108123,0.0481054908105405,0.702671
"370",0.112225919718749,0.0453333333333333,0.711375
"371",0.119731613315809,0.0462932338201783,0.730668333333333
"372",0.102923285848704,0.0392409060868163,0.739899666666667
"373",0.106362578663425,0.0391094739546025,0.755239
"374",0.106427225730345,0.0375192755256392,0.770839333333333
"375",0.098907047618955,0.032858839925329,0.777812
"376",0.0958376047352009,0.0310591911462797,0.791531666666667
"377",0.0915308962611395,0.0284577964353795,0.799991666666667
"378",0.0933296227301565,0.0286700509452889,0.809823
"379",0.0937960057553989,0.0266733286553648,0.823244333333333
"380",0.0911216872925989,0.0251910688216934,0.830678
"381",0.0869032137814491,0.0223843740680438,0.841643666666667
"382",0.0888603697895939,0.02198722178589,0.849675333333333
"383",0.0868843609771918,0.0202304166238281,0.859168333333333
"384",0.0893033619553633,0.0197191455088182,0.867448
"385",0.0860570454893507,0.0180808732540046,0.874644333333333
"386",0.665066275318213,0.433567102257786,0.153380333333333
"387",0.689885349701164,0.448613183637699,0.154803
"388",0.586370131940331,0.374079348085938,0.160348333333333
"389",0.525796112964194,0.334379534605482,0.164935333333333
"390",0.514528207436899,0.327725202877325,0.175023666666667
"391",0.524328173934022,0.333209624543824,0.188615
"392",0.620743249630004,0.402280655894303,0.206578
"393",0.524564117002015,0.338795893772135,0.207717
"394",0.500114493134787,0.322003375825499,0.230264666666667
"395",0.449648542758071,0.286632411055838,0.232046333333333
"396",0.432143447053481,0.277912548205916,0.248845666666667
"397",0.430377774247682,0.274819988188253,0.255677666666667
"398",0.381508124892983,0.240822690654906,0.265519
"399",0.346215737334916,0.216923690758937,0.282377333333333
"400",0.286711888554878,0.178537307808011,0.302497
"401",0.293149124602712,0.180683552156345,0.320248666666667
"402",0.291191501108618,0.180941065072441,0.328797666666667
"403",0.290327002115176,0.177123481508122,0.353119
"404",0.277645539506528,0.169870179179826,0.361703666666667
"405",0.246494865079716,0.14755401880112,0.377708
"406",0.250915661522214,0.148508895707563,0.400642666666667
"407",0.235981817455085,0.13860723881674,0.411135333333333
"408",0.222501158299475,0.128286676364588,0.428041333333333
"409",0.240503001332504,0.13954181259475,0.456465333333333
"410",0.186163064681894,0.104703842617048,0.465073666666667
"411",0.211510754935901,0.118756262818212,0.491325666666667
"412",0.196819584640939,0.109059720314588,0.504066333333333
"413",0.168380069902389,0.0912020215948921,0.519721666666667
"414",0.169904890711654,0.0925159071113276,0.541896
"415",0.158304771747328,0.0824289587619516,0.558642666666667
"416",0.143682286711323,0.0719933858033464,0.578150333333333
"417",0.145545660375708,0.0717796141885167,0.591774333333333
"418",0.132429258970483,0.0651243979500557,0.605154666666667
"419",0.157291228616359,0.0740476040368122,0.629176333333333
"420",0.136010888014469,0.0630669185288531,0.637915
"421",0.132836008720877,0.0606886546166352,0.655268
"422",0.124851990806151,0.0556781086185448,0.670155666666667
"423",0.112775515770903,0.0480989754321109,0.683833
"424",0.116374924641991,0.0478349618207709,0.703174666666667
"425",0.113408359575153,0.0461475255266412,0.712360333333333
"426",0.11501477493362,0.0445113626505089,0.730023333333333
"427",0.115726294661456,0.0441460883272668,0.740949
"428",0.10985123727016,0.0406899709670505,0.752708
"429",0.105684718697549,0.0370034209806926,0.773072666666667
"430",0.0953962839818974,0.0321065391680941,0.778605666666667
"431",0.104268663111591,0.033862353762437,0.79266
"432",0.0969291472459088,0.0308791422580575,0.801857333333333
"433",0.0963863805382087,0.0286934960586535,0.810636666666667
"434",0.0935378330087984,0.0270334870950161,0.821401
"435",0.0908625869016954,0.0243268770884625,0.830754666666667
"436",0.0900564857895177,0.0229052548886691,0.841844666666667
"437",0.092170335903334,0.0237973159574035,0.851650666666667
"438",0.0907415303725729,0.0221338513841671,0.857916666666667
"439",0.0878021192408698,0.0200323901158202,0.866313666666667
"440",0.0861668350154272,0.0188806486268845,0.870927
"441",0.606081851094108,0.386898745157,0.144108333333333
"442",0.748282130667683,0.488449611916173,0.159201
"443",0.558481773576314,0.355037957642014,0.160442
"444",0.598275795286056,0.388472922182042,0.168594333333333
"445",0.60499640727415,0.388347179474196,0.184327333333333
"446",0.479616385606694,0.305550618081926,0.185655
"447",0.505538942219829,0.32605524854635,0.203396
"448",0.565602189182406,0.366878927157574,0.213364666666667
"449",0.461450189934836,0.294406354589146,0.225684666666667
"450",0.442446878656386,0.282384378687273,0.230522666666667
"451",0.52493180615584,0.341360770820062,0.257976333333333
"452",0.493215337894143,0.315900989321111,0.263042333333333
"453",0.390408070597897,0.247900468898408,0.266369
"454",0.388700598628959,0.242616450773414,0.284991666666667
"455",0.337055892705033,0.211115991754786,0.301265666666667
"456",0.347122294122432,0.215758409130266,0.323378666666667
"457",0.300324121922151,0.18504665075921,0.326611333333333
"458",0.312970130426649,0.19170054908922,0.352280333333333
"459",0.295045772474295,0.179684148029424,0.364369
"460",0.274251055900737,0.164699446580078,0.381446333333333
"461",0.251935831788626,0.149680076353061,0.401293666666667
"462",0.267609716423226,0.158790396805849,0.411418666666667
"463",0.249959103213174,0.149539357416962,0.430232333333333
"464",0.208544591435078,0.11854365831768,0.451991
"465",0.196209455523234,0.110629757201784,0.466354333333333
"466",0.183172610665665,0.100078566810433,0.488756
"467",0.208262901683104,0.115746136905999,0.506761333333333
"468",0.19715080941184,0.108328356779025,0.521891666666667
"469",0.174983947094864,0.0935713823061778,0.545508666666667
"470",0.16127736696566,0.0833589033656144,0.557293
"471",0.167070326832783,0.0857250060950552,0.578337666666667
"472",0.14962915857281,0.0765625291250537,0.590127666666667
"473",0.147976271170091,0.0723439936223254,0.605445333333333
"474",0.135808634487443,0.0635834644366424,0.626520333333333
"475",0.13382400372782,0.0633820718106857,0.639923333333333
"476",0.121103551280906,0.0554090622217227,0.655446333333333
"477",0.130969716265173,0.0589826708421444,0.672604333333333
"478",0.12283634857757,0.0525012036520708,0.682644666666667
"479",0.110241239516598,0.0456765570494592,0.701096333333333
"480",0.103504859127894,0.0418520855240098,0.71325
"481",0.110691108652944,0.0429736047548726,0.729525333333333
"482",0.114222991044901,0.043074349754786,0.741733
"483",0.0984724774300755,0.0364858991640762,0.755451666666667
"484",0.105536252769879,0.0365218369275822,0.770598333333333
"485",0.100010824121364,0.0330580952095732,0.779123333333333
"486",0.099368614384215,0.0324889853932802,0.791827333333333
"487",0.09594180099775,0.0301567988818798,0.801345
"488",0.0932507770753865,0.0279611766003622,0.806833
"489",0.0945270940405572,0.0272726868735348,0.825099
"490",0.0948873383943924,0.0264380557534236,0.832953333333333
"491",0.0889343363611514,0.0226508695350932,0.841925
"492",0.0885611915667962,0.0221366031921989,0.851576
"493",0.0903611011266794,0.0220663151760971,0.857491
"494",0.0853171391556236,0.0189196830947311,0.866505
"495",0.0863071602369294,0.0191807778465247,0.871688666666667
"496",0.707590336835332,0.459148689722811,0.157702
"497",0.721364747489241,0.464771761629807,0.152983333333333
"498",0.583504952615232,0.374049385804298,0.162570333333333
"499",0.535192780012153,0.337145354924624,0.163955
"500",0.595547583223723,0.382792157372597,0.184598
"501",0.533286237133339,0.339418218887766,0.186381666666667
"502",0.594665287981847,0.385258205993091,0.204068333333333
"503",0.486751169075483,0.313323863775353,0.204397666666667
"504",0.426470261474633,0.268897640737447,0.223021666666667
"505",0.396291073405745,0.250431482388352,0.223261333333333
"506",0.489794417875881,0.311394865821519,0.250686
"507",0.396396877838497,0.248544346827721,0.252006
"508",0.495941965852007,0.31904775249753,0.273570333333333
"509",0.38484779268926,0.244795422461601,0.283820666666667
"510",0.324936209546475,0.202157037116283,0.299114
"511",0.324697595967617,0.2017602545998,0.323854666666667
"512",0.315837312029312,0.194628287463961,0.326264666666667
"513",0.305753133343363,0.190492938281207,0.349726
"514",0.283562769193725,0.172552203254893,0.360913
"515",0.286790532637814,0.171261327003158,0.382787333333333
"516",0.280324868106803,0.167446275394281,0.399630666666667
"517",0.247187230991501,0.14628617633198,0.413069333333333
"518",0.206326967888998,0.120606761096545,0.429713333333333
"519",0.192657151261795,0.110793401321761,0.454293
"520",0.205647292358127,0.115875824169573,0.468754666666667
"521",0.190194769803403,0.10597408951451,0.490535
"522",0.178028714217432,0.0988781492947371,0.502295
"523",0.174134876781132,0.0950317032753806,0.524814333333333
"524",0.161261233428754,0.0853598076169132,0.539895
"525",0.167393092418495,0.0875249203352912,0.559951
"526",0.152571025919285,0.0783028612566993,0.575062
"527",0.155418637230241,0.0779752616170565,0.592978666666667
"528",0.131245045356767,0.0638538487304291,0.603064666666667
"529",0.145116708807891,0.069639541733747,0.626942666666667
"530",0.148246299337034,0.0683558056955886,0.640589333333333
"531",0.128417397310069,0.0558268694300002,0.655520666666667
"532",0.123536940665589,0.054310315329902,0.672174333333333
"533",0.118844886760516,0.0508900476446187,0.681574
"534",0.11483288630314,0.0480956140409073,0.703411333333333
"535",0.104756927366711,0.0419781026505472,0.712871666666667
"536",0.115093227876524,0.044007149101683,0.730161666666667
"537",0.0983557321623363,0.0373006956747181,0.740576
"538",0.104355861962936,0.0385723809805724,0.754477666666667
"539",0.0971110718580058,0.0341196375218628,0.770143
"540",0.102918522535374,0.0350157448505755,0.780572666666667
"541",0.104425161871273,0.0336852626450973,0.79372
"542",0.0945205898575657,0.0294908012076202,0.803674333333333
"543",0.0945291950631202,0.0275083623424544,0.807887666666667
"544",0.0919456286978393,0.0257844980128671,0.822458
"545",0.0925394071017494,0.0252709027313789,0.832156
"546",0.0919859396234041,0.0247519583484614,0.842802
"547",0.0915860268962932,0.022658335735683,0.851018666666667
"548",0.0869843872368316,0.0205264417640334,0.859265666666667
"549",0.0857443219449143,0.0189204315007736,0.865413666666667
"550",0.0908419875024291,0.0184737071728688,0.872519333333333
